{
  "train_loss": [
    0.8202247375791724,
    0.4831841827987076,
    0.33921922723968306,
    0.25271354557631853,
    0.18795534639389483,
    0.15902922858859037,
    0.1321190098034484,
    0.1038737211666711,
    0.09720508311572787,
    0.08396154989234426,
    0.07905409769941267,
    0.06547775357816514,
    0.06431036197592492,
    0.059316090900789605,
    0.05255496122136519,
    0.046304962404265806,
    0.04716709747837929,
    0.04407800438015589,
    0.03879587543378403,
    0.032481900443528576,
    0.038173952508814536,
    0.03312017376135502,
    0.033989774642282394,
    0.02813101608408978,
    0.03261099681908313,
    0.02556545084777784,
    0.02061192041214604,
    0.025276706300754487,
    0.01900774852505752,
    0.02090832448712635,
    0.021731949153177853,
    0.01440411035422018,
    0.015274986246745888,
    0.01507712504788689,
    0.015283285297170681,
    0.015887840065497347,
    0.012330458749708562,
    0.015028961700562678,
    0.014528372398707653,
    0.012855089243687386,
    0.012271060900877581,
    0.01138910512755891,
    0.011819868742952475,
    0.01188460510343543,
    0.009630252150198831,
    0.009593913876663217,
    0.009328033378504234,
    0.011582944477158416,
    0.010830801044206752,
    0.009262751204501414,
    0.0073890260663775536,
    0.010844616894081066,
    0.00803305047194552,
    0.007213812193292036,
    0.0075100134812860885,
    0.00580176270348413,
    0.008926615471817105,
    0.007505704788264346,
    0.008064119899705922,
    0.005635881106964125
  ],
  "train_acc": [
    68.8708036622584,
    85.53407934893184,
    90.79348931841302,
    93.34689725330621,
    95.25940996948118,
    95.65615462868769,
    96.4292980671414,
    97.30417090539166,
    97.34486266531027,
    97.72126144455747,
    97.65005086469989,
    98.10783316378433,
    98.04679552390641,
    98.14852492370295,
    98.57578840284842,
    98.79959308240082,
    98.55544252288911,
    98.63682604272636,
    98.84028484231943,
    99.11495422177009,
    98.96236012207528,
    99.03357070193286,
    98.98270600203459,
    99.09460834181078,
    99.0233977619532,
    99.19633774160732,
    99.45066124109867,
    99.23702950152594,
    99.50152594099694,
    99.40996948118006,
    99.35910478128179,
    99.54221770091556,
    99.5320447609359,
    99.59308240081384,
    99.55239064089523,
    99.57273652085453,
    99.64394710071211,
    99.54221770091556,
    99.52187182095625,
    99.58290946083419,
    99.59308240081384,
    99.66429298067142,
    99.66429298067142,
    99.65412004069177,
    99.70498474059004,
    99.7558494404883,
    99.71515768056969,
    99.69481180061038,
    99.64394710071211,
    99.69481180061038,
    99.78636826042727,
    99.63377416073246,
    99.77619532044761,
    99.85757884028484,
    99.82706002034588,
    99.8880976602238,
    99.68463886063073,
    99.78636826042727,
    99.735503560529,
    99.81688708036623
  ],
  "val_loss": [
    0.589269857853651,
    0.35789252465797794,
    0.2725062726272477,
    0.1902145498121778,
    0.1884154289857381,
    0.1611237892906906,
    0.11194716465090299,
    0.12638019946300322,
    0.12022099662054744,
    0.09603577951202169,
    0.09866246573316555,
    0.08435874972363105,
    0.07962854928013662,
    0.08211223451912196,
    0.07509799911672922,
    0.08914937995885136,
    0.12123381663615065,
    0.06571978442015178,
    0.08166760735184653,
    0.08245327680277922,
    0.06966400579242166,
    0.0817839290246209,
    0.058945051923931006,
    0.07194161188736972,
    0.07889920466388706,
    0.08122403900253833,
    0.06077089703992695,
    0.07879288397291223,
    0.06637613876793896,
    0.05493043132810271,
    0.07226325075296497,
    0.06260635273873857,
    0.07047695503731827,
    0.061737155453758734,
    0.05874182855526063,
    0.07670136286217005,
    0.07200266898073299,
    0.06403455334172274,
    0.0802353380289181,
    0.07925581544410913,
    0.08789960656152591,
    0.06763736255692897,
    0.06295004002610464,
    0.07357385252978726,
    0.0707762357158875,
    0.07622397523765459,
    0.07913566020831947,
    0.06882172169470221,
    0.08165780634515664,
    0.07017568711616048,
    0.07014601695714696,
    0.07860209941532048,
    0.06957731448003163,
    0.07141429741346252,
    0.06542618240251209,
    0.07539014278750579,
    0.08216146280751167,
    0.0704685417552658,
    0.07878969688633536,
    0.06710375573321573
  ],
  "val_acc": [
    75.83774250440918,
    92.06349206349206,
    93.12169312169313,
    95.32627865961199,
    94.26807760141094,
    95.06172839506173,
    96.6931216931217,
    96.47266313932981,
    96.03174603174604,
    97.31040564373897,
    96.73721340388008,
    97.2663139329806,
    97.48677248677248,
    97.17813051146385,
    97.31040564373897,
    97.08994708994709,
    96.0758377425044,
    97.88359788359789,
    97.13403880070547,
    97.48677248677248,
    97.70723104056438,
    97.2663139329806,
    97.79541446208113,
    97.70723104056438,
    97.61904761904762,
    97.57495590828924,
    97.88359788359789,
    97.53086419753086,
    98.14814814814815,
    98.45679012345678,
    97.8395061728395,
    98.01587301587301,
    97.88359788359789,
    98.2363315696649,
    98.2363315696649,
    97.75132275132275,
    98.01587301587301,
    98.36860670194004,
    97.663139329806,
    97.79541446208113,
    97.663139329806,
    98.19223985890653,
    98.05996472663139,
    98.14814814814815,
    98.05996472663139,
    98.05996472663139,
    97.97178130511463,
    98.01587301587301,
    97.92768959435627,
    98.10405643738977,
    98.05996472663139,
    97.92768959435627,
    98.01587301587301,
    97.97178130511463,
    98.14814814814815,
    97.92768959435627,
    97.79541446208113,
    97.92768959435627,
    97.88359788359789,
    98.01587301587301
  ],
  "val_balanced_acc": [
    80.4811507936508,
    92.36111111111111,
    92.73313492063492,
    94.54365079365078,
    94.69246031746033,
    95.93253968253967,
    95.80853174603175,
    95.3125,
    96.8998015873016,
    96.35416666666666,
    95.46130952380952,
    96.60218253968253,
    96.875,
    96.50297619047619,
    96.3045634920635,
    95.78373015873015,
    94.09722222222221,
    97.42063492063492,
    95.95734126984128,
    96.42857142857143,
    96.92460317460319,
    96.40376984126983,
    97.34623015873017,
    97.0734126984127,
    96.77579365079364,
    96.47817460317461,
    97.34623015873017,
    96.55257936507937,
    97.34623015873017,
    98.09027777777779,
    96.75099206349206,
    97.02380952380953,
    97.12301587301589,
    97.61904761904762,
    97.94146825396825,
    97.14781746031747,
    97.17261904761905,
    97.8670634920635,
    96.52777777777779,
    96.92460317460319,
    96.37896825396824,
    97.59424603174602,
    97.27182539682539,
    97.34623015873017,
    97.34623015873017,
    97.296626984127,
    97.04861111111111,
    97.24702380952381,
    96.92460317460319,
    97.19742063492063,
    97.29662698412697,
    96.92460317460319,
    97.24702380952381,
    97.02380952380953,
    97.39583333333333,
    96.8501984126984,
    96.67658730158729,
    96.97420634920636,
    96.77579365079364,
    97.17261904761905
  ],
  "best_val_acc": 98.45679012345678,
  "best_epoch": 29,
  "test_acc": 98.14814814814815,
  "test_balanced_acc": 98.32589285714286,
  "test_loss": 0.055614026526654925,
  "confusion_matrix": [
    [
      660,
      7,
      1,
      4
    ],
    [
      1,
      662,
      7,
      2
    ],
    [
      25,
      3,
      1314,
      2
    ],
    [
      0,
      3,
      1,
      332
    ]
  ]
}