{
  "train_loss": [
    0.6964109711838464,
    0.39606718055523227,
    0.27551065722521206,
    0.20209788721408287,
    0.1591051063724678,
    0.1320604585165525,
    0.10952413383952893,
    0.10270081414249692,
    0.08136176294817106,
    0.07134420567457259,
    0.06546060346665174,
    0.056192366521887104,
    0.047536485209843535,
    0.0403491403486063,
    0.03748400421663575,
    0.031492955061559476,
    0.0329186850920809,
    0.02853039705983098,
    0.03078225890453225,
    0.02391660985890368,
    0.024667228575469585,
    0.01874074599889182,
    0.01851125771815406,
    0.01644654182486073,
    0.0216091384365135,
    0.012984882082100142,
    0.013541210585538923,
    0.01859990341238759,
    0.012128873051817183,
    0.010281052248149661,
    0.011875791871371291,
    0.010257349854307997,
    0.008294430590892401,
    0.01111056382664187,
    0.009923393922869837,
    0.009374091807025465,
    0.007933021044438488,
    0.008922897844344215,
    0.0074644082629064055,
    0.005192904968501279,
    0.009123220311538963,
    0.005681353134279867,
    0.006745545443909644,
    0.00761549312232171,
    0.006041785517289392,
    0.005094116940989455,
    0.0056261888125879065,
    0.004711738478283595,
    0.004038247367346755,
    0.005170283861571743,
    0.005100545002105918,
    0.004705547033061348,
    0.0043226156675216,
    0.005092917520248664,
    0.004882574767166626,
    0.005444862795793995,
    0.004397951525569737,
    0.004837107668222051,
    0.0037147967402107783,
    0.003243787395846469
  ],
  "train_acc": [
    70.30212863355459,
    87.6974135957885,
    92.046234836347,
    94.7127489127947,
    95.62829022659648,
    96.48661020828565,
    97.03593499656672,
    96.9214923323415,
    97.58525978484779,
    97.85992217898833,
    98.14602883955139,
    98.34058136873426,
    98.5580224307622,
    98.83268482490273,
    98.86701762417029,
    99.09590295262073,
    99.03868162050813,
    99.16456855115587,
    99.1760128175784,
    99.30189974822613,
    99.26756694895857,
    99.49645227740902,
    99.47356374456398,
    99.51934081025406,
    99.46211947814145,
    99.62233920805676,
    99.59945067521171,
    99.4392309452964,
    99.6452277409018,
    99.72533760585947,
    99.65667200732433,
    99.6452277409018,
    99.7940032043946,
    99.70244907301442,
    99.69100480659189,
    99.73678187228198,
    99.77111467154955,
    99.75967040512703,
    99.80544747081711,
    99.8512245365072,
    99.71389333943694,
    99.82833600366216,
    99.80544747081711,
    99.82833600366216,
    99.81689173723964,
    99.81689173723964,
    99.86266880292973,
    99.86266880292973,
    99.89700160219729,
    99.88555733577478,
    99.83978027008469,
    99.86266880292973,
    99.87411306935225,
    99.82833600366216,
    99.83978027008469,
    99.89700160219729,
    99.83978027008469,
    99.86266880292973,
    99.93133440146487,
    99.95422293430991
  ],
  "val_loss": [
    0.470311401411891,
    0.3270291106309742,
    0.21885427966481075,
    0.16841028432827443,
    0.13144211025792174,
    0.12042660568840802,
    0.10644796962151304,
    0.0835743566713063,
    0.08853752393042669,
    0.07198966072610347,
    0.07736469265000778,
    0.05061939080769662,
    0.060058581228076946,
    0.06725763860777079,
    0.05095696818534634,
    0.05086357653726736,
    0.04099344060068688,
    0.05017951512309082,
    0.04425637682106753,
    0.038810035614005756,
    0.038417094827309484,
    0.038983206782631896,
    0.05406729942114907,
    0.04237082586860197,
    0.07577544913033307,
    0.036046964211436716,
    0.03914428928965208,
    0.03996377741600554,
    0.039146847541587704,
    0.04904496394772195,
    0.03952795867894565,
    0.035444485576476836,
    0.04424798105077343,
    0.03421488627185454,
    0.03784978327485078,
    0.03817258956587466,
    0.03576832700844079,
    0.043565599296016444,
    0.03981507296833797,
    0.03029709505494793,
    0.04322663846545538,
    0.031548782014851895,
    0.02952444684456168,
    0.03316873904446993,
    0.03616234485832592,
    0.0331261777527061,
    0.032605340065913424,
    0.03404377852572793,
    0.03109884009296593,
    0.0296664315109183,
    0.02894872401725479,
    0.03178008943521604,
    0.0332977289297105,
    0.03467536588408393,
    0.039476467541931015,
    0.03534802396515602,
    0.029107022585094455,
    0.030722030361516772,
    0.031147443956569987,
    0.02963063767708718
  ],
  "val_acc": [
    85.26785714285714,
    90.27777777777777,
    94.79166666666667,
    95.68452380952381,
    96.72619047619048,
    96.42857142857143,
    96.97420634920636,
    97.56944444444444,
    97.37103174603175,
    97.71825396825396,
    97.6686507936508,
    98.21428571428571,
    97.76785714285714,
    97.61904761904762,
    98.21428571428571,
    98.26388888888889,
    98.61111111111111,
    98.36309523809524,
    98.46230158730158,
    98.56150793650794,
    98.41269841269842,
    98.75992063492063,
    98.01587301587301,
    98.56150793650794,
    97.6686507936508,
    98.85912698412699,
    98.51190476190476,
    98.66071428571429,
    98.71031746031746,
    98.26388888888889,
    98.56150793650794,
    98.51190476190476,
    98.56150793650794,
    98.66071428571429,
    98.51190476190476,
    98.75992063492063,
    98.71031746031746,
    98.36309523809524,
    98.41269841269842,
    98.80952380952381,
    98.41269841269842,
    98.85912698412699,
    98.71031746031746,
    98.85912698412699,
    98.51190476190476,
    98.80952380952381,
    98.71031746031746,
    98.80952380952381,
    98.66071428571429,
    98.85912698412699,
    98.85912698412699,
    98.80952380952381,
    98.90873015873017,
    98.71031746031746,
    98.75992063492063,
    98.61111111111111,
    98.80952380952381,
    98.80952380952381,
    98.80952380952381,
    99.0079365079365
  ],
  "val_balanced_acc": [
    87.53306878306879,
    92.29497354497354,
    94.77513227513228,
    95.6679894179894,
    96.69312169312168,
    95.66798941798943,
    96.79232804232804,
    97.32142857142857,
    97.68518518518519,
    97.8505291005291,
    97.81746031746033,
    98.08201058201057,
    97.35449735449735,
    97.15608465608466,
    98.28042328042329,
    97.94973544973544,
    98.41269841269842,
    98.54497354497354,
    98.31349206349206,
    98.34656084656083,
    98.28042328042329,
    98.71031746031746,
    97.51984126984127,
    98.6441798941799,
    96.95767195767195,
    98.87566137566138,
    98.51190476190477,
    98.67724867724868,
    98.6441798941799,
    97.8505291005291,
    98.67724867724868,
    98.4457671957672,
    98.21428571428571,
    98.37962962962963,
    98.21428571428571,
    98.54497354497354,
    98.61111111111111,
    98.0489417989418,
    98.01587301587303,
    98.6111111111111,
    97.98280423280423,
    98.6441798941799,
    98.57804232804233,
    98.6441798941799,
    98.14814814814815,
    98.57804232804233,
    98.47883597883596,
    98.57804232804233,
    98.4457671957672,
    98.77645502645504,
    98.74338624338624,
    98.57804232804233,
    98.80952380952381,
    98.4457671957672,
    98.51190476190476,
    98.34656084656085,
    98.6111111111111,
    98.6111111111111,
    98.6441798941799,
    98.97486772486772
  ],
  "best_val_acc": 99.0079365079365,
  "best_epoch": 59,
  "test_acc": 99.25595238095238,
  "test_balanced_acc": 99.30555555555557,
  "test_loss": 0.03397166488767176,
  "confusion_matrix": [
    [
      670,
      1,
      1
    ],
    [
      1,
      666,
      5
    ],
    [
      10,
      2,
      1332
    ]
  ]
}